{"count":1,"gauges":{},"self":36.5107776,"total":42.986411499999996,"children":{"AgentResetIfDone":{"count":2028,"self":0.13282639999999998,"total":0.13282639999999998,"children":null},"AgentSendState":{"count":2028,"self":0.2701655,"total":0.40358679999999997,"children":{"CollectObservations":{"count":4056,"self":0.1334213,"total":0.1334213,"children":null}}},"DecideAction":{"count":2028,"self":4.2301088,"total":5.3223956999999995,"children":{"RayPerceptionSensor.Perceive":{"count":4056,"self":1.0922870999999998,"total":1.0922870999999998,"children":null}}},"AcademyStep":{"count":2028,"self":0.0229919,"total":0.0229919,"children":null},"AgentAct":{"count":2028,"self":0.5908373,"total":0.5908373,"children":null}}}